{
    "0": {
        "precision": 0.954594294825136,
        "recall": 0.7443513513513513,
        "f1-score": 0.8364641387374527,
        "support": 37000.0
    },
    "1": {
        "precision": 0.8231334492623549,
        "recall": 0.9711020912379776,
        "f1-score": 0.8910163642435712,
        "support": 45332.0
    },
    "accuracy": 0.8692003109362095,
    "macro avg": {
        "precision": 0.8888638720437454,
        "recall": 0.8577267212946644,
        "f1-score": 0.8637402514905119,
        "support": 82332.0
    },
    "weighted avg": {
        "precision": 0.8822119519808956,
        "recall": 0.8692003109362095,
        "f1-score": 0.8665005946311923,
        "support": 82332.0
    }
}